"name","version","license","ecosystem","source"
"Atkinson Hyperlegible font files","5.3.0","OFL-1.1","asset","https://github.com/googlefonts/atkinson-hyperlegible"
"M PLUS Rounded 1c font files","5.3.0","OFL-1.1","asset","https://github.com/coz-m/MPLUS_FONTS"
"Nyanbin favicon","sha256:4a485348be25731ba3dbde9e7d830a4e6c5a22df0fdf33396b5d1a5ab503c1f9","MIT","asset","packages/frontend/static/favicon.svg"
"adler2","2.0.1","0BSD OR MIT OR Apache-2.0","cargo","https://crates.io/crates/adler2/2.0.1"
"alloc-no-stdlib","2.0.4","BSD-3-Clause","cargo","https://crates.io/crates/alloc-no-stdlib/2.0.4"
"alloc-stdlib","0.2.4","BSD-3-Clause","cargo","https://crates.io/crates/alloc-stdlib/0.2.4"
"arc-swap","1.9.2","MIT OR Apache-2.0","cargo","https://crates.io/crates/arc-swap/1.9.2"
"arcstr","1.2.0","Apache-2.0 OR MIT OR Zlib","cargo","https://crates.io/crates/arcstr/1.2.0"
"async-compression","0.4.43","MIT OR Apache-2.0","cargo","https://crates.io/crates/async-compression/0.4.43"
"async-lock","3.4.2","Apache-2.0 OR MIT","cargo","https://crates.io/crates/async-lock/3.4.2"
"atomic-waker","1.1.2","Apache-2.0 OR MIT","cargo","https://crates.io/crates/atomic-waker/1.1.2"
"axum","0.8.9","MIT","cargo","https://crates.io/crates/axum/0.8.9"
"axum-core","0.5.6","MIT","cargo","https://crates.io/crates/axum-core/0.5.6"
"backon","1.6.0","Apache-2.0","cargo","https://crates.io/crates/backon/1.6.0"
"base64","0.22.1","MIT OR Apache-2.0","cargo","https://crates.io/crates/base64/0.22.1"
"bitflags","2.13.1","MIT OR Apache-2.0","cargo","https://crates.io/crates/bitflags/2.13.1"
"block-buffer","0.10.4","MIT OR Apache-2.0","cargo","https://crates.io/crates/block-buffer/0.10.4"
"brotli","8.0.4","BSD-3-Clause AND MIT","cargo","https://crates.io/crates/brotli/8.0.4"
"brotli-decompressor","5.0.3","BSD-3-Clause/MIT","cargo","https://crates.io/crates/brotli-decompressor/5.0.3"
"bytes","1.12.1","MIT","cargo","https://crates.io/crates/bytes/1.12.1"
"cfg-if","1.0.4","MIT OR Apache-2.0","cargo","https://crates.io/crates/cfg-if/1.0.4"
"combine","4.6.7","MIT","cargo","https://crates.io/crates/combine/4.6.7"
"compression-codecs","0.4.38","MIT OR Apache-2.0","cargo","https://crates.io/crates/compression-codecs/0.4.38"
"compression-core","0.4.32","MIT OR Apache-2.0","cargo","https://crates.io/crates/compression-core/0.4.32"
"cpufeatures","0.2.17","MIT OR Apache-2.0","cargo","https://crates.io/crates/cpufeatures/0.2.17"
"crc32fast","1.5.0","MIT OR Apache-2.0","cargo","https://crates.io/crates/crc32fast/1.5.0"
"crypto-common","0.1.7","MIT OR Apache-2.0","cargo","https://crates.io/crates/crypto-common/0.1.7"
"digest","0.10.7","MIT OR Apache-2.0","cargo","https://crates.io/crates/digest/0.10.7"
"displaydoc","0.2.7","MIT OR Apache-2.0","cargo","https://crates.io/crates/displaydoc/0.2.7"
"event-listener","5.4.2","Apache-2.0 OR MIT","cargo","https://crates.io/crates/event-listener/5.4.2"
"event-listener-strategy","0.5.4","Apache-2.0 OR MIT","cargo","https://crates.io/crates/event-listener-strategy/0.5.4"
"fastrand","2.5.0","Apache-2.0 OR MIT","cargo","https://crates.io/crates/fastrand/2.5.0"
"flate2","1.1.9","MIT OR Apache-2.0","cargo","https://crates.io/crates/flate2/1.1.9"
"foreign-types","0.3.2","MIT/Apache-2.0","cargo","https://crates.io/crates/foreign-types/0.3.2"
"foreign-types-shared","0.1.1","MIT/Apache-2.0","cargo","https://crates.io/crates/foreign-types-shared/0.1.1"
"form_urlencoded","1.2.2","MIT OR Apache-2.0","cargo","https://crates.io/crates/form_urlencoded/1.2.2"
"futures-channel","0.3.34","MIT OR Apache-2.0","cargo","https://crates.io/crates/futures-channel/0.3.34"
"futures-core","0.3.34","MIT OR Apache-2.0","cargo","https://crates.io/crates/futures-core/0.3.34"
"futures-sink","0.3.34","MIT OR Apache-2.0","cargo","https://crates.io/crates/futures-sink/0.3.34"
"futures-task","0.3.34","MIT OR Apache-2.0","cargo","https://crates.io/crates/futures-task/0.3.34"
"futures-util","0.3.34","MIT OR Apache-2.0","cargo","https://crates.io/crates/futures-util/0.3.34"
"generic-array","0.14.7","MIT","cargo","https://crates.io/crates/generic-array/0.14.7"
"getrandom","0.2.17","MIT OR Apache-2.0","cargo","https://crates.io/crates/getrandom/0.2.17"
"http","1.5.0","MIT OR Apache-2.0","cargo","https://crates.io/crates/http/1.5.0"
"http-body","1.1.0","MIT","cargo","https://crates.io/crates/http-body/1.1.0"
"http-body-util","0.1.5","MIT","cargo","https://crates.io/crates/http-body-util/0.1.5"
"http-range-header","0.4.2","MIT","cargo","https://crates.io/crates/http-range-header/0.4.2"
"httparse","1.10.1","MIT OR Apache-2.0","cargo","https://crates.io/crates/httparse/1.10.1"
"httpdate","1.0.3","MIT OR Apache-2.0","cargo","https://crates.io/crates/httpdate/1.0.3"
"hyper","1.11.0","MIT","cargo","https://crates.io/crates/hyper/1.11.0"
"hyper-util","0.1.20","MIT","cargo","https://crates.io/crates/hyper-util/0.1.20"
"icu_collections","2.1.1","Unicode-3.0","cargo","https://crates.io/crates/icu_collections/2.1.1"
"icu_locale_core","2.1.1","Unicode-3.0","cargo","https://crates.io/crates/icu_locale_core/2.1.1"
"icu_normalizer","2.1.1","Unicode-3.0","cargo","https://crates.io/crates/icu_normalizer/2.1.1"
"icu_normalizer_data","2.1.1","Unicode-3.0","cargo","https://crates.io/crates/icu_normalizer_data/2.1.1"
"icu_properties","2.1.2","Unicode-3.0","cargo","https://crates.io/crates/icu_properties/2.1.2"
"icu_properties_data","2.1.2","Unicode-3.0","cargo","https://crates.io/crates/icu_properties_data/2.1.2"
"icu_provider","2.1.1","Unicode-3.0","cargo","https://crates.io/crates/icu_provider/2.1.1"
"idna","1.1.0","MIT OR Apache-2.0","cargo","https://crates.io/crates/idna/1.1.0"
"idna_adapter","1.2.1","Apache-2.0 OR MIT","cargo","https://crates.io/crates/idna_adapter/1.2.1"
"ipnet","2.12.1","MIT OR Apache-2.0","cargo","https://crates.io/crates/ipnet/2.12.1"
"itoa","1.0.18","MIT OR Apache-2.0","cargo","https://crates.io/crates/itoa/1.0.18"
"libc","0.2.189","MIT OR Apache-2.0","cargo","https://crates.io/crates/libc/0.2.189"
"litemap","0.8.3","Unicode-3.0","cargo","https://crates.io/crates/litemap/0.8.3"
"log","0.4.33","MIT OR Apache-2.0","cargo","https://crates.io/crates/log/0.4.33"
"matchit","0.8.4","MIT AND BSD-3-Clause","cargo","https://crates.io/crates/matchit/0.8.4"
"memchr","2.8.3","Unlicense OR MIT","cargo","https://crates.io/crates/memchr/2.8.3"
"mime","0.3.17","MIT OR Apache-2.0","cargo","https://crates.io/crates/mime/0.3.17"
"mime_guess","2.0.5","MIT","cargo","https://crates.io/crates/mime_guess/2.0.5"
"miniz_oxide","0.8.9","MIT OR Zlib OR Apache-2.0","cargo","https://crates.io/crates/miniz_oxide/0.8.9"
"mio","1.2.2","MIT","cargo","https://crates.io/crates/mio/1.2.2"
"native-tls","0.2.18","MIT OR Apache-2.0","cargo","https://crates.io/crates/native-tls/0.2.18"
"num-bigint","0.4.8","MIT OR Apache-2.0","cargo","https://crates.io/crates/num-bigint/0.4.8"
"num-integer","0.1.47","MIT OR Apache-2.0","cargo","https://crates.io/crates/num-integer/0.1.47"
"num-traits","0.2.19","MIT OR Apache-2.0","cargo","https://crates.io/crates/num-traits/0.2.19"
"once_cell","1.21.4","MIT OR Apache-2.0","cargo","https://crates.io/crates/once_cell/1.21.4"
"openssl","0.10.81","Apache-2.0","cargo","https://crates.io/crates/openssl/0.10.81"
"openssl-macros","0.1.1","MIT/Apache-2.0","cargo","https://crates.io/crates/openssl-macros/0.1.1"
"openssl-probe","0.2.1","MIT OR Apache-2.0","cargo","https://crates.io/crates/openssl-probe/0.2.1"
"openssl-sys","0.9.117","MIT","cargo","https://crates.io/crates/openssl-sys/0.9.117"
"parking","2.2.1","Apache-2.0 OR MIT","cargo","https://crates.io/crates/parking/2.2.1"
"percent-encoding","2.3.2","MIT OR Apache-2.0","cargo","https://crates.io/crates/percent-encoding/2.3.2"
"pin-project-lite","0.2.17","Apache-2.0 OR MIT","cargo","https://crates.io/crates/pin-project-lite/0.2.17"
"potential_utf","0.1.6","Unicode-3.0","cargo","https://crates.io/crates/potential_utf/0.1.6"
"proc-macro2","1.0.107","MIT OR Apache-2.0","cargo","https://crates.io/crates/proc-macro2/1.0.107"
"quote","1.0.47","MIT OR Apache-2.0","cargo","https://crates.io/crates/quote/1.0.47"
"redis","1.2.2","BSD-3-Clause","cargo","https://crates.io/crates/redis/1.2.2"
"ring","0.17.14","Apache-2.0 AND ISC","cargo","https://crates.io/crates/ring/0.17.14"
"rustversion","1.0.23","MIT OR Apache-2.0","cargo","https://crates.io/crates/rustversion/1.0.23"
"ryu","1.0.23","Apache-2.0 OR BSL-1.0","cargo","https://crates.io/crates/ryu/1.0.23"
"serde","1.0.229","MIT OR Apache-2.0","cargo","https://crates.io/crates/serde/1.0.229"
"serde_core","1.0.229","MIT OR Apache-2.0","cargo","https://crates.io/crates/serde_core/1.0.229"
"serde_derive","1.0.229","MIT OR Apache-2.0","cargo","https://crates.io/crates/serde_derive/1.0.229"
"serde_json","1.0.151","MIT OR Apache-2.0","cargo","https://crates.io/crates/serde_json/1.0.151"
"serde_path_to_error","0.1.20","MIT OR Apache-2.0","cargo","https://crates.io/crates/serde_path_to_error/0.1.20"
"serde_urlencoded","0.7.1","MIT/Apache-2.0","cargo","https://crates.io/crates/serde_urlencoded/0.7.1"
"sha1_smol","1.0.1","BSD-3-Clause","cargo","https://crates.io/crates/sha1_smol/1.0.1"
"sha2","0.10.9","MIT OR Apache-2.0","cargo","https://crates.io/crates/sha2/0.10.9"
"simd-adler32","0.3.10","MIT","cargo","https://crates.io/crates/simd-adler32/0.3.10"
"slab","0.4.12","MIT","cargo","https://crates.io/crates/slab/0.4.12"
"smallvec","1.15.2","MIT OR Apache-2.0","cargo","https://crates.io/crates/smallvec/1.15.2"
"socket2","0.6.5","MIT OR Apache-2.0","cargo","https://crates.io/crates/socket2/0.6.5"
"stable_deref_trait","1.2.1","MIT OR Apache-2.0","cargo","https://crates.io/crates/stable_deref_trait/1.2.1"
"syn","2.0.119","MIT OR Apache-2.0","cargo","https://crates.io/crates/syn/2.0.119"
"syn","3.0.3","MIT OR Apache-2.0","cargo","https://crates.io/crates/syn/3.0.3"
"sync_wrapper","1.0.2","Apache-2.0","cargo","https://crates.io/crates/sync_wrapper/1.0.2"
"synstructure","0.13.2","MIT","cargo","https://crates.io/crates/synstructure/0.13.2"
"tinystr","0.8.4","Unicode-3.0","cargo","https://crates.io/crates/tinystr/0.8.4"
"tokio","1.53.1","MIT","cargo","https://crates.io/crates/tokio/1.53.1"
"tokio-macros","2.7.2","MIT","cargo","https://crates.io/crates/tokio-macros/2.7.2"
"tokio-native-tls","0.3.1","MIT","cargo","https://crates.io/crates/tokio-native-tls/0.3.1"
"tokio-util","0.7.19","MIT","cargo","https://crates.io/crates/tokio-util/0.7.19"
"tower","0.5.3","MIT","cargo","https://crates.io/crates/tower/0.5.3"
"tower-http","0.6.11","MIT","cargo","https://crates.io/crates/tower-http/0.6.11"
"tower-layer","0.3.3","MIT","cargo","https://crates.io/crates/tower-layer/0.3.3"
"tower-service","0.3.3","MIT","cargo","https://crates.io/crates/tower-service/0.3.3"
"tracing","0.1.44","MIT","cargo","https://crates.io/crates/tracing/0.1.44"
"tracing-core","0.1.36","MIT","cargo","https://crates.io/crates/tracing-core/0.1.36"
"typenum","1.20.1","MIT OR Apache-2.0","cargo","https://crates.io/crates/typenum/1.20.1"
"unicase","2.9.0","MIT OR Apache-2.0","cargo","https://crates.io/crates/unicase/2.9.0"
"unicode-ident","1.0.24","(MIT OR Apache-2.0) AND Unicode-3.0","cargo","https://crates.io/crates/unicode-ident/1.0.24"
"untrusted","0.9.0","ISC","cargo","https://crates.io/crates/untrusted/0.9.0"
"url","2.5.8","MIT OR Apache-2.0","cargo","https://crates.io/crates/url/2.5.8"
"utf8_iter","1.0.4","Apache-2.0 OR MIT","cargo","https://crates.io/crates/utf8_iter/1.0.4"
"writeable","0.6.4","Unicode-3.0","cargo","https://crates.io/crates/writeable/0.6.4"
"xxhash-rust","0.8.18","BSL-1.0","cargo","https://crates.io/crates/xxhash-rust/0.8.18"
"yoke","0.8.3","Unicode-3.0","cargo","https://crates.io/crates/yoke/0.8.3"
"yoke-derive","0.8.2","Unicode-3.0","cargo","https://crates.io/crates/yoke-derive/0.8.2"
"zerofrom","0.1.8","Unicode-3.0","cargo","https://crates.io/crates/zerofrom/0.1.8"
"zerofrom-derive","0.1.7","Unicode-3.0","cargo","https://crates.io/crates/zerofrom-derive/0.1.7"
"zerotrie","0.2.5","Unicode-3.0","cargo","https://crates.io/crates/zerotrie/0.2.5"
"zerovec","0.11.7","Unicode-3.0","cargo","https://crates.io/crates/zerovec/0.11.7"
"zerovec-derive","0.11.4","Unicode-3.0","cargo","https://crates.io/crates/zerovec-derive/0.11.4"
"zmij","1.0.23","MIT","cargo","https://crates.io/crates/zmij/1.0.23"
"zstd","0.13.3","MIT","cargo","https://crates.io/crates/zstd/0.13.3"
"zstd-safe","7.2.4","MIT OR Apache-2.0","cargo","https://crates.io/crates/zstd-safe/7.2.4"
"zstd-sys","2.0.16+zstd.1.5.7","MIT/Apache-2.0","cargo","https://crates.io/crates/zstd-sys/2.0.16%2Bzstd.1.5.7"
"@commander-js/extra-typings","12.1.0","MIT","pnpm","https://www.npmjs.com/package/@commander-js/extra-typings/v/12.1.0"
"@fontsource/atkinson-hyperlegible","5.3.0","OFL-1.1","pnpm","https://www.npmjs.com/package/@fontsource/atkinson-hyperlegible/v/5.3.0"
"@fontsource/m-plus-rounded-1c","5.3.0","OFL-1.1","pnpm","https://www.npmjs.com/package/@fontsource/m-plus-rounded-1c/v/5.3.0"
"@inquirer/external-editor","1.0.3","MIT","pnpm","https://www.npmjs.com/package/@inquirer/external-editor/v/1.0.3"
"@inquirer/figures","1.0.9","MIT","pnpm","https://www.npmjs.com/package/@inquirer/figures/v/1.0.9"
"@types/node","24.12.4","MIT","pnpm","https://www.npmjs.com/package/@types/node/v/24.12.4"
"ansi-escapes","4.3.2","MIT","pnpm","https://www.npmjs.com/package/ansi-escapes/v/4.3.2"
"ansi-regex","5.0.1","MIT","pnpm","https://www.npmjs.com/package/ansi-regex/v/5.0.1"
"ansi-styles","4.3.0","MIT","pnpm","https://www.npmjs.com/package/ansi-styles/v/4.3.0"
"base64-js","1.5.1","MIT","pnpm","https://www.npmjs.com/package/base64-js/v/1.5.1"
"bl","4.1.0","MIT","pnpm","https://www.npmjs.com/package/bl/v/4.1.0"
"buffer","5.7.1","MIT","pnpm","https://www.npmjs.com/package/buffer/v/5.7.1"
"chalk","4.1.2","MIT","pnpm","https://www.npmjs.com/package/chalk/v/4.1.2"
"chardet","2.1.1","MIT","pnpm","https://www.npmjs.com/package/chardet/v/2.1.1"
"cli-cursor","3.1.0","MIT","pnpm","https://www.npmjs.com/package/cli-cursor/v/3.1.0"
"cli-spinners","2.9.2","MIT","pnpm","https://www.npmjs.com/package/cli-spinners/v/2.9.2"
"cli-width","4.1.0","ISC","pnpm","https://www.npmjs.com/package/cli-width/v/4.1.0"
"clone","1.0.4","MIT","pnpm","https://www.npmjs.com/package/clone/v/1.0.4"
"color-convert","2.0.1","MIT","pnpm","https://www.npmjs.com/package/color-convert/v/2.0.1"
"color-name","1.1.4","MIT","pnpm","https://www.npmjs.com/package/color-name/v/1.1.4"
"commander","12.1.0","MIT","pnpm","https://www.npmjs.com/package/commander/v/12.1.0"
"defaults","1.0.4","MIT","pnpm","https://www.npmjs.com/package/defaults/v/1.0.4"
"emoji-regex","8.0.0","MIT","pnpm","https://www.npmjs.com/package/emoji-regex/v/8.0.0"
"has-flag","4.0.0","MIT","pnpm","https://www.npmjs.com/package/has-flag/v/4.0.0"
"iconv-lite","0.7.2","MIT","pnpm","https://www.npmjs.com/package/iconv-lite/v/0.7.2"
"ieee754","1.2.1","BSD-3-Clause","pnpm","https://www.npmjs.com/package/ieee754/v/1.2.1"
"inherits","2.0.4","ISC","pnpm","https://www.npmjs.com/package/inherits/v/2.0.4"
"inquirer","9.3.8","MIT","pnpm","https://www.npmjs.com/package/inquirer/v/9.3.8"
"is-fullwidth-code-point","3.0.0","MIT","pnpm","https://www.npmjs.com/package/is-fullwidth-code-point/v/3.0.0"
"is-interactive","1.0.0","MIT","pnpm","https://www.npmjs.com/package/is-interactive/v/1.0.0"
"is-unicode-supported","0.1.0","MIT","pnpm","https://www.npmjs.com/package/is-unicode-supported/v/0.1.0"
"log-symbols","4.1.0","MIT","pnpm","https://www.npmjs.com/package/log-symbols/v/4.1.0"
"mime","4.1.0","MIT","pnpm","https://www.npmjs.com/package/mime/v/4.1.0"
"mimic-fn","2.1.0","MIT","pnpm","https://www.npmjs.com/package/mimic-fn/v/2.1.0"
"mute-stream","1.0.0","ISC","pnpm","https://www.npmjs.com/package/mute-stream/v/1.0.0"
"onetime","5.1.2","MIT","pnpm","https://www.npmjs.com/package/onetime/v/5.1.2"
"ora","5.4.1","MIT","pnpm","https://www.npmjs.com/package/ora/v/5.4.1"
"pretty-bytes","6.1.1","MIT","pnpm","https://www.npmjs.com/package/pretty-bytes/v/6.1.1"
"pretty-bytes","7.1.0","MIT","pnpm","https://www.npmjs.com/package/pretty-bytes/v/7.1.0"
"readable-stream","3.6.2","MIT","pnpm","https://www.npmjs.com/package/readable-stream/v/3.6.2"
"restore-cursor","3.1.0","MIT","pnpm","https://www.npmjs.com/package/restore-cursor/v/3.1.0"
"run-async","3.0.0","MIT","pnpm","https://www.npmjs.com/package/run-async/v/3.0.0"
"rxjs","7.8.1","Apache-2.0","pnpm","https://www.npmjs.com/package/rxjs/v/7.8.1"
"safe-buffer","5.2.1","MIT","pnpm","https://www.npmjs.com/package/safe-buffer/v/5.2.1"
"safer-buffer","2.1.2","MIT","pnpm","https://www.npmjs.com/package/safer-buffer/v/2.1.2"
"signal-exit","3.0.7","ISC","pnpm","https://www.npmjs.com/package/signal-exit/v/3.0.7"
"string_decoder","1.3.0","MIT","pnpm","https://www.npmjs.com/package/string_decoder/v/1.3.0"
"string-width","4.2.3","MIT","pnpm","https://www.npmjs.com/package/string-width/v/4.2.3"
"strip-ansi","6.0.1","MIT","pnpm","https://www.npmjs.com/package/strip-ansi/v/6.0.1"
"supports-color","7.2.0","MIT","pnpm","https://www.npmjs.com/package/supports-color/v/7.2.0"
"tslib","2.8.1","0BSD","pnpm","https://www.npmjs.com/package/tslib/v/2.8.1"
"type-fest","0.21.3","(MIT OR CC0-1.0)","pnpm","https://www.npmjs.com/package/type-fest/v/0.21.3"
"undici-types","7.16.0","MIT","pnpm","https://www.npmjs.com/package/undici-types/v/7.16.0"
"uqr","0.1.3","MIT","pnpm","https://www.npmjs.com/package/uqr/v/0.1.3"
"util-deprecate","1.0.2","MIT","pnpm","https://www.npmjs.com/package/util-deprecate/v/1.0.2"
"wcwidth","1.0.1","MIT","pnpm","https://www.npmjs.com/package/wcwidth/v/1.0.1"
"wrap-ansi","6.2.0","MIT","pnpm","https://www.npmjs.com/package/wrap-ansi/v/6.2.0"
"yoctocolors-cjs","2.1.2","MIT","pnpm","https://www.npmjs.com/package/yoctocolors-cjs/v/2.1.2"
